{
  "initial_training": {
    "accuracy": [
      0.7315068244934082,
      0.8794520497322083,
      0.8972602486610413,
      0.915068507194519,
      0.9342465996742249,
      0.9219177961349487,
      0.9301369786262512,
      0.9383561611175537,
      0.932876706123352,
      0.9383561611175537,
      0.9520547986030579,
      0.9369863271713257,
      0.9397260546684265,
      0.9397260546684265,
      0.9452054500579834,
      0.9520547986030579,
      0.9547945261001587,
      0.9602739810943604,
      0.9602739810943604,
      0.96712327003479,
      0.9630137085914612,
      0.9616438150405884,
      0.9561643600463867,
      0.9561643600463867,
      0.9589040875434875,
      0.9547945261001587,
      0.9589040875434875,
      0.9698629975318909,
      0.9616438150405884,
      0.9698629975318909,
      0.9547945261001587,
      0.9630137085914612,
      0.9589040875434875,
      0.9767123460769653,
      0.9739726185798645,
      0.9739726185798645,
      0.9794520735740662,
      0.9780821800231934,
      0.9753424525260925,
      0.9794520735740662,
      0.9808219075202942,
      0.982191801071167,
      0.9794520735740662,
      0.9794520735740662,
      0.9808219075202942,
      0.9849315285682678,
      0.9890410900115967,
      0.9917808175086975
    ],
    "val_accuracy": [
      0.8910256624221802,
      0.9230769276618958,
      0.9230769276618958,
      0.9166666865348816,
      0.942307710647583,
      0.9230769276618958,
      0.942307710647583,
      0.942307710647583,
      0.9487179517745972,
      0.942307710647583,
      0.9230769276618958,
      0.9615384340286255,
      0.942307710647583,
      0.9487179517745972,
      0.9615384340286255,
      0.9679487347602844,
      0.9679487347602844,
      0.9487179517745972,
      0.9551281929016113,
      0.9679487347602844,
      0.9679487347602844,
      0.9551281929016113,
      0.9615384340286255,
      0.9679487347602844,
      0.9615384340286255,
      0.9679487347602844,
      0.9487179517745972,
      0.9679487347602844,
      0.9743589758872986,
      0.9679487347602844,
      0.9615384340286255,
      0.9615384340286255,
      0.9679487347602844,
      0.9551281929016113,
      0.9743589758872986,
      0.9679487347602844,
      0.9679487347602844,
      0.9679487347602844,
      0.9679487347602844,
      0.9679487347602844,
      0.9743589758872986,
      0.9615384340286255,
      0.9615384340286255,
      0.9551281929016113,
      0.9743589758872986,
      0.9743589758872986,
      0.9743589758872986,
      0.9743589758872986
    ],
    "loss": [
      0.5190489292144775,
      0.31597039103507996,
      0.2657676935195923,
      0.20978964865207672,
      0.1936362236738205,
      0.19015169143676758,
      0.18399472534656525,
      0.15744781494140625,
      0.19335448741912842,
      0.15776045620441437,
      0.1462191641330719,
      0.15475645661354065,
      0.14737622439861298,
      0.1388155221939087,
      0.16106665134429932,
      0.1263705939054489,
      0.13824693858623505,
      0.10875988006591797,
      0.11178391426801682,
      0.08982877433300018,
      0.09963797777891159,
      0.09485992044210434,
      0.11266300827264786,
      0.11512719094753265,
      0.11962093412876129,
      0.11883369088172913,
      0.10928531736135483,
      0.1118362620472908,
      0.10087258368730545,
      0.09360068291425705,
      0.11617253720760345,
      0.11084240674972534,
      0.09943491965532303,
      0.07721474766731262,
      0.07753431797027588,
      0.07303140312433243,
      0.06497732549905777,
      0.07669100910425186,
      0.057365674525499344,
      0.05672857165336609,
      0.06233588978648186,
      0.06254825741052628,
      0.058155205100774765,
      0.06837816536426544,
      0.05544675141572952,
      0.05277164280414581,
      0.04515663534402847,
      0.03765369579195976
    ],
    "val_loss": [
      0.28000783920288086,
      0.21353206038475037,
      0.19706599414348602,
      0.18033739924430847,
      0.1757204532623291,
      0.17986010015010834,
      0.17744116485118866,
      0.16621685028076172,
      0.16133761405944824,
      0.15216797590255737,
      0.16455480456352234,
      0.1743931919336319,
      0.1517876535654068,
      0.14986419677734375,
      0.1430935561656952,
      0.1290198117494583,
      0.12587882578372955,
      0.14881891012191772,
      0.13952131569385529,
      0.15166091918945312,
      0.12149094045162201,
      0.14963938295841217,
      0.12598544359207153,
      0.13864609599113464,
      0.1198086366057396,
      0.11056829988956451,
      0.12037822604179382,
      0.12053941935300827,
      0.10175338387489319,
      0.10685397684574127,
      0.11258093267679214,
      0.1139446496963501,
      0.1081773042678833,
      0.12036773562431335,
      0.09760463237762451,
      0.09792990237474442,
      0.09467636793851852,
      0.08898629248142242,
      0.09227045625448227,
      0.09685906767845154,
      0.08973467350006104,
      0.10337003320455551,
      0.10240244120359421,
      0.11229225248098373,
      0.09945734590291977,
      0.10185035318136215,
      0.09820574522018433,
      0.09174621105194092
    ]
  },
  "fine_tuning": {
    "accuracy": [
      0.9246575236320496,
      0.9438356161117554,
      0.9602739810943604,
      0.9767123460769653,
      0.9698629975318909,
      0.9739726185798645,
      0.9794520735740662,
      0.965753436088562,
      0.9808219075202942
    ],
    "val_accuracy": [
      0.9166666865348816,
      0.9294871687889099,
      0.9358974099159241,
      0.9679487347602844,
      0.9679487347602844,
      0.9743589758872986,
      0.9743589758872986,
      0.9743589758872986,
      0.9615384340286255
    ],
    "loss": [
      0.21030165255069733,
      0.17291131615638733,
      0.11010529845952988,
      0.06782060861587524,
      0.08368077129125595,
      0.07631904631853104,
      0.06409535557031631,
      0.09440247714519501,
      0.052135761827230453
    ],
    "val_loss": [
      0.178790882229805,
      0.17044425010681152,
      0.11658734828233719,
      0.09546684473752975,
      0.10531767457723618,
      0.10192395001649857,
      0.1061546728014946,
      0.1187783032655716,
      0.15444184839725494
    ]
  }
}